pcs_rider_path,season,pcs_points,racedays,kms,wins,top3s,top10s
guillaume-boivin,2026,25.0,33,5266,0,0,0
guillaume-boivin,2025,93.0,56,9307,0,0,1
guillaume-boivin,2024,60.0,68,11341,0,0,1
guillaume-boivin,2023,118.0,56,9078,0,0,1
guillaume-boivin,2022,163.0,73,12060,0,1,6
guillaume-boivin,2021,183.0,71,11167,1,1,2
guillaume-boivin,2020,34.0,44,6632,0,0,2
guillaume-boivin,2019,160.0,67,10879,0,1,6
guillaume-boivin,2018,308.0,82,13387,1,2,7
guillaume-boivin,2017,263.0,64,9698,1,4,15
guillaume-boivin,2016,62.0,24,3692,0,0,3
guillaume-boivin,2015,48.0,32,4563,1,1,7
guillaume-boivin,2014,109.0,81,11750,0,0,9
guillaume-boivin,2013,8.0,51,7073,0,0,1
guillaume-boivin,2012,294.0,61,9344,0,3,14
guillaume-boivin,2011,41.0,13,1880,0,0,0
guillaume-boivin,2010,51.0,14,2343,0,1,5
guillaume-boivin,2009,20.0,15,2008,1,1,3
guillaume-boivin,2008,,2,213,0,0,0
riley-sheehan,2026,413.0,48,8019,2,5,10
riley-sheehan,2025,369.0,42,7016,0,3,9
riley-sheehan,2024,317.0,56,9468,0,1,5
riley-sheehan,2023,199.0,9,1453,1,1,3
riley-sheehan,2022,,11,1209,0,0,0
riley-sheehan,2019,,8,706,0,0,0
riley-sheehan,2018,,1,5,0,0,0
vladimir-kovacik,2017,,1,40,0,0,0
vladimir-kovacik,2016,,2,143,0,0,0
aleksandr-vlasov,2026,479.0,60,9256,0,2,20
aleksandr-vlasov,2025,210.0,61,9334,0,0,5
aleksandr-vlasov,2024,1181.0,73,11431,1,11,27
aleksandr-vlasov,2023,972.0,60,9448,0,7,27
aleksandr-vlasov,2022,1715.0,68,10868,5,14,28
aleksandr-vlasov,2021,845.0,73,11736,1,5,19
aleksandr-vlasov,2020,1024.0,40,6469,3,8,20
aleksandr-vlasov,2019,514.0,59,8847,2,6,29
aleksandr-vlasov,2018,84.0,35,5123,0,1,2
andrea-mifsud,2026,124.0,52,8329,2,2,5
andrea-mifsud,2025,12.0,42,6307,0,0,3
andrea-mifsud,2024,,48,7236,0,0,0
andrea-mifsud,2023,,41,5687,0,0,0
andrea-mifsud,2022,12.0,44,7250,0,0,0
andrea-mifsud,2021,,8,1141,0,0,0
amir-arsalan-ansari,2026,10.0,4,454,0,0,1
amir-arsalan-ansari,2025,,2,250,0,0,2
amir-arsalan-ansari,2024,20.0,6,484,0,0,0
amir-arsalan-ansari,2023,10.0,4,210,0,0,0
amir-arsalan-ansari,2022,,2,217,0,0,0
amir-arsalan-ansari,2021,,2,222,0,0,1
amir-arsalan-ansari,2020,,2,222,0,0,0
amir-arsalan-ansari,2019,,1,32,0,0,0
amir-arsalan-ansari,2018,,2,116,0,0,0
