first_name,last_name,country_code,uci_rank,uci_points,pcs_rider_path,is_starter
Felix,Gall,AT,9,3425.0,felix-gall,True
Felix,Großschartner,AT,254,389.3,felix-grossschartner,True
Patrick,Konrad,AT,1239,46.0,patrick-konrad,True
Jack,Haig,AU,645,120.0,jack-haig,True
Jai,Hindley,AU,39,1585.8,jai-hindley,True
Michael,Matthews,AU,97,881.9,michael-matthews,True
Ben,O'Connor,AU,172,557.8,ben-o-connor,True
Michael,Storer,AU,42,1522.0,michael-storer,True
Luke,Tuckwell,AU,138,659.9,luke-tuckwell,True
Tiesj,Benoot,BE,454,201.9,tiesj-benoot,True
Remco,Evenepoel,BE,2,7921.6,remco-evenepoel,True
Quinten,Hermans,BE,91,947.5,quinten-hermans,True
Thibau,Nys,BE,324,300.0,thibau-nys,True
Alec,Segaert,BE,106,843.0,alec-segaert,True
Wout,Van Aert,BE,8,3733.6,wout-van-aert,True
Maxim,Van Gils,BE,238,419.5,maxim-van-gils,True
Gianni,Vermeersch,BE,144,641.9,gianni-vermeersch,True
Kaden,Hopkins,BM,571,141.0,kaden-hopkins,True
Nicholas,Narraway,BM,662,115.0,nicholas-narraway,True
Henrique da Silva,Avancini,BR,470,184.0,henrique-da-silva-avancini,True
Derrick,Chavarria,BZ,477,180.0,derrick-chavarria,True
Pier-André,Côté,CA,561,144.0,pier-andre-cote,True
Derek,Gee-West,CA,62,1258.3,derek-gee,True
Hugo,Houle,CA,1059,59.0,hugo-houle,True
Michael,Leonard,CA,703,106.3,michael-leonard1,True
Michael,Woods,CA,1179,50.0,michael-woods,True
Nickolas,Zukowsky,CA,628,125.0,nickolas-zukowsky,True
Stefan,Bissegger,CH,302,326.8,stefan-bissegger,True
Fabio,Christen,CH,350,279.0,fabio-christen,True
Jan,Christen,CH,49,1419.0,jan-christen,True
Marc,Hirschi,CH,109,828.0,marc-hirschi,True
Stefan,Küng,CH,177,544.1,stefan-kung,True
Mauro,Schmid,CH,14,2766.8,mauro-schmid,True
Vicente,Rojas,CL,958,69.0,vicente-rojas,True
You,Li,CN,1314,40.0,you-li,True
Santiago,Buitrago,CO,61,1258.3,santiago-buitrago-sanchez,True
Sergio,Higuita,CO,154,615.0,sergio-higuita,True
Wilmar Andres,Paredes,CO,323,301.0,wilmar-paredes,True
Nairo,Quintana,CO,292,336.0,nairo-quintana,True
Brandon Smith,Rivera,CO,552,147.0,brandon-smith-rivera-vargas,True
Harold,Tejada,CO,67,1175.0,harold-tejada,True
Luis Daniel,Oses,CR,612,130.0,luis-daniel-oses,True
Andreas,Miltiadis,CY,676,112.0,andreas-miltiadis,True
Pavel,Novák,CZ,1288,43.0,pavel-novak,True
Jakub,Otruba,CZ,773,94.4,jakub-otruba,True
Mathias,Vacek,CZ,81,1059.0,mathias-vacek,True
Marco,Brenner,DE,70,1163.0,marco-brenner,True
Nico,Denz,DE,802,89.5,nico-denz,True
Felix,Engelhardt,DE,258,377.9,felix-engelhardt,True
Florian,Lipowitz,DE,29,1889.6,florian-lipowitz,True
Maximilian,Schachmann,DE,312,310.0,maximilian-schachmann,True
Georg,Zimmermann,DE,121,732.0,georg-zimmermann,True
Kasper,Asgreen,DK,464,189.3,kasper-asgreen,True
Mikkel,Bjerg,DK,497,168.0,mikkel-bjerg,True
Anthon,Charmig,DK,103,861.3,anthon-charmig,True
Mikkel Frølich,Honoré,DK,201,480.0,mikkel-honore,True
Søren,Kragh Andersen,DK,325,298.7,soren-kragh-andersen,True
Andreas,Kron,DK,174,555.0,andreas-kron,True
Mads,Pedersen,DK,18,2374.3,mads-pedersen,True
Michael,Valgren,DK,143,644.1,michael-valgren-andersen,True
Kohath,Baron,DM,1196,50.0,kohath-baron,True
Oussama Abdellah,Mimouni,DZ,398,241.0,oussama-abdellah-mimouni,True
Jefferson Alexander,Cepeda,EC,429,216.0,jefferson-alexander-cepeda,True
Jefferson Alveiro,Cepeda,EC,284,341.1,jefferson-cepeda-hernandez,True
Jhonatan,Narváez,EC,78,1075.0,jhonatan-narvaez,True
Madis,Mihkels,EE,286,339.0,madis-mihkels,True
Amanuel,Ghebreigzabhier,ER,774,94.0,amanuel-ghebreigzabhier,True
Biniam,Girmay,ER,41,1524.0,biniam-girmay,True
Merhawi,Kudus,ER,299,330.0,merhawi-kudus,True
Henok,Mulubrhan,ER,126,720.0,henok-mulubrhan,True
Natnael,Tesfatsion,ER,57,1281.0,natnael-tesfatsion,True
Igor,Arrieta,ES,101,865.1,igor-arrieta-lizarraga,True
Juan,Ayuso,ES,30,1810.5,juan-ayuso-pesquera,True
Markel,Beloki,ES,241,410.6,markel-beloki,True
Marcel,Camprubí,ES,198,482.0,marcel-camprubi,True
Raúl,García Pierna,ES,189,502.6,raul-garcia-pierna,True
Enric,Mas,ES,24,2153.1,enric-mas,True
Iván,Romeo,ES,95,918.6,ivan-romeo,True
Carlos,Verona,ES,538,151.8,carlos-verona,True
Bruno,Armirail,FR,240,414.1,bruno-armirail,True
Alex,Baudin,FR,51,1401.6,alex-baudin,True
Jordan,Jegat,FR,89,965.6,jordan-jegat,True
Jordan,Labrosse,FR,449,205.0,jordan-labrosse,True
Valentin,Paret-Peintre,FR,88,972.9,valentin-paret-peintre,True
Nicolas,Prodhomme,FR,351,278.7,nicolas-prodhomme,True
Paul,Seixas,FR,4,5038.7,paul-seixas,True
Pavel,Sivakov,FR,223,442.8,pavel-sivakov,True
Mark,Donovan,GB,263,368.0,mark-donovan,True
Oscar,Onley,GB,69,1167.3,oscar-onley,True
Finlay,Pickering,GB,556,146.0,finlay-pickering,True
Tom,Pidcock,GB,6,3756.5,tom-pidcock,True
James,Shaw,GB,865,79.0,james-shaw,True
Callum,Thornley,GB,291,336.7,callum-thornley,True
Fred,Wright,GB,215,452.5,alfred-wright,True
Adam,Yates,GB,75,1100.8,adam-yates,True
Nikiforos,Arvanitou,GR,322,301.0,nikiforos-arvanitou,True
Manuel,Rodas,GT,790,91.0,manuel-rodas,True
Juan Mardoqueo,Vásquez,GT,1217,48.0,juan-mardoqueo-vasquez-vasquez,True
Gil Landim,Gomes,GW,1549,30.0,gil-landim-gomes,True
Fredd,Matute,HN,,,fredd-matute,True
Attila,Valter,HU,588,137.0,attila-valter,True
Ben,Healy,IE,82,1057.4,ben-healy,True
Jamie,Meehan,IE,347,280.0,jamie-meehan,True
Ryan,Mullen,IE,902,75.0,ryan-mullen,True
Darren,Rafferty,IE,972,66.6,darren-rafferty,True
Nadav,Raisberg,IL,518,159.0,nadav-raisberg,True
Alberto,Bettiol,IT,251,398.0,alberto-bettiol,True
Mattia,Cattaneo,IT,428,217.6,mattia-cattaneo,True
Giulio,Ciccone,IT,23,2158.0,giulio-ciccone,True
Lorenzo Mark,Finn,IT,146,633.9,lorenzo-finn,True
Giulio,Pellizzari,IT,28,1955.0,giulio-pellizzari,True
Davide,Piganzoli,IT,79,1068.8,davide-piganzoli,True
Christian,Scaroni,IT,13,2795.0,christian-scaroni,True
Matteo,Trentin,IT,66,1193.1,matteo-trentin,True
Jo,Hashikawa,JP,945,70.0,jo-hashikawa,True
Anton,Kuzmin,KZ,1541,30.0,anton-kuzmin,True
Daniil,Marukhin,KZ,,,daniil-marukhin,True
Arthur,Kluckers,LU,660,115.5,arthur-kluckers,True
Arno,Wallenborn,LU,679,111.0,arno-wallenborn,True
Kristiāns,Belohvoščiks,LV,369,263.0,kristians-belohvosciks,True
Emīls,Liepiņš,LV,656,117.0,emils-liepins,True
Mārtiņš,Pluto,LV,359,270.2,martins-pluto,True
Toms,Skujiņš,LV,112,810.5,toms-skujins,True
Victor,Langellotti,MC,537,152.0,victor-langellotti,True
Maral-Erdene,Batmunkh,MN,1035,61.0,maral-erdene-batmunkh,True
Alexandre,Mayer,MU,415,229.3,alexandre-mayer,True
Edgar David,Cadena,MX,334,289.0,edgar-cadena,True
Ulises Alfredo,Castillo,MX,3238,1.0,ulises-alfredo-castillo,True
Isaac,Del Toro,MX,3,6476.5,isaac-del-toro,True
José Antonio,Escarcega,MX,,,jose-antonio-escarcega-mendizabal,True
Eder,Frayre,MX,478,180.0,eder-frayre,True
Carlos Alfonso,García,MX,3304,1.0,carlos-alfonso-garcia-trejo,True
Pascal,Eenkhoorn,NL,1120,53.9,pascal-eenkhoorn,True
Daan,Hoole,NL,314,309.7,daan-hoole,True
Menno,Huising,NL,1247,45.0,menno-huising,True
Bart,Lemmen,NL,152,620.0,bart-lemmen,True
Bauke,Mollema,NL,295,333.0,bauke-mollema,True
Mathijs,Paasschens,NL,,,mathijs-paasschens,True
Mathieu,Van Der Poel,NL,16,2740.6,mathieu-van-der-poel,True
Tim,Van Dijke,NL,157,611.6,tim-van-dijke,True
Tobias,Foss,NO,235,426.8,tobias-foss,True
Tobias Halland,Johannessen,NO,15,2760.3,tobias-halland-johannessen,True
Andreas,Leknessund,NO,52,1401.0,andreas-leknessund,True
Jørgen,Nordhagen,NO,110,827.6,jorgen-nordhagen,True
Anders,Skaarseth,NO,507,161.3,anders-skaarseth,True
Embret,Svestad-Bårdseng,NO,285,340.0,embret-svestad-bardseng,True
George,Bennett,NZ,425,223.0,george-bennett,True
Finn,Fisher-Black,NZ,96,914.9,finn-fisher-black,True
Ben,Oliver,NZ,219,449.0,ben-oliver,True
Laurence,Pithie,NZ,34,1664.9,laurence-pithie,True
Corbin,Strong,NZ,86,996.0,corbin-strong,True
Christofer Robín,Jurado,PA,728,101.0,christofer-robin-jurado,True
Mateusz,Gajdulewicz,PL,486,174.0,mateusz-gajdulewicz,True
Jakub,Kaczmarek,PL,684,110.0,jakub-kaczmarek,True
Michał,Kwiatkowski,PL,521,157.3,michal-kwiatkowski,True
Piotr,Pękala,PL,524,156.0,piotr-pekala,True
João,Almeida,PT,206,468.7,joao-almeida,True
Tiago,Antunes,PT,282,342.0,tiago-antunes,True
Afonso,Eulálio,PT,55,1375.0,afonso-eulalio,True
António,Morgado,PT,85,1005.6,antonio-morgado,True
Ivo,Oliveira,PT,333,290.9,ivo-emanuel-alves,True
Nelson,Oliveira,PT,1078,56.1,nelson-oliveira,True
Iustin-Ioan,Văidian,RO,1021,63.0,iustin-ioan-vaidian,True
Mihajlo,Stolić,RS,597,134.0,mihajlo-stolic,True
Ali,Al Shaikhahmed,SA,3267,1.0,ali-al-shaikhahmed,True
Jakob,Söderqvist,SE,159,608.7,jakob-soderqvist,True
Tilen,Finkšt,SI,758,97.2,tilen-finkst,True
Gal,Glivar,SI,458,198.0,gal-glivar,True
Matevž,Govekar,SI,367,263.3,matevz-govekar,True
Luka,Mezgec,SI,1143,52.0,luka-mezgec,True
Matej,Mohorič,SI,207,466.7,matej-mohoric,True
Primož,Roglič,SI,22,2214.0,primoz-roglic,True
Jan,Tratnik,SI,1138,52.8,jan-tratnik,True
Martin,Svrček,SK,1070,58.0,martin-svrcek,True
Athit,Poulard,TH,391,246.0,athit-poulard,True
Heorhii,Antonenko,UA,494,170.0,heorhii-antonenko,True
Matteo,Jorgenson,US,38,1589.8,matteo-jorgenson,True
Brandon,Mcnulty,US,64,1251.9,brandon-mcnulty,True
Neilson,Powless,US,793,90.0,neilson-powless,True
Sean,Quinn,US,436,210.4,sean-quinn,True
Artem,Shmidt,US,245,406.0,artem-shmidt,True
Quinn,Simmons,US,37,1602.8,quinn-simmons,True
Kevin,Vermaerke,US,171,560.7,kevin-vermaerke,True
Larry,Warbasse,US,504,165.0,lawrence-warbasse,True
Eric Antonio,Fagúndez,UY,160,608.4,eric-antonio-fagundez,True
Guillermo Thomas,Silva,UY,35,1639.0,guillermo-thomas-silva-coussan,True
Samandar,Janikulov,UZ,988,65.0,samandar-janikulov,True
Orluis,Aular,VE,186,516.4,orluis-aular,True
Francisco Joel,Peñuela,VE,357,271.4,francisco-penuela,True
Byron,Munton,ZA,330,295.0,byron-munton,True
